{
  "age_output_accuracy": [
    0.22448979318141937,
    0.23639455437660217,
    0.22959183156490326,
    0.24829931557178497,
    0.2602040767669678,
    0.27040815353393555,
    0.27721089124679565,
    0.2789115607738495,
    0.2789115607738495,
    0.2789115607738495,
    0.2908163368701935,
    0.27721089124679565,
    0.29421767592430115,
    0.3044217824935913,
    0.2976190447807312,
    0.323129266500473,
    0.30102041363716125,
    0.307823121547699,
    0.32482993602752686,
    0.31802719831466675
  ],
  "age_output_loss": [
    2.3381662368774414,
    2.1226019859313965,
    2.0764248371124268,
    2.061791181564331,
    1.9593359231948853,
    2.0055618286132812,
    1.9389724731445312,
    1.9333080053329468,
    1.9401253461837769,
    1.9209426641464233,
    1.8477188348770142,
    1.8237553834915161,
    1.8125492334365845,
    1.767578125,
    1.8571099042892456,
    1.7875034809112549,
    1.7471305131912231,
    1.7732223272323608,
    1.7306592464447021,
    1.710186243057251
  ],
  "gender_output_accuracy": [
    0.4897959232330322,
    0.5204081535339355,
    0.5068027377128601,
    0.5187074542045593,
    0.5102040767669678,
    0.4948979616165161,
    0.488095223903656,
    0.48469388484954834,
    0.5153061151504517,
    0.5102040767669678,
    0.4948979616165161,
    0.49149659276008606,
    0.523809552192688,
    0.5034013390541077,
    0.5204081535339355,
    0.4812925159931183,
    0.5,
    0.5340136289596558,
    0.4931972920894623,
    0.5102040767669678
  ],
  "gender_output_loss": [
    1.2220697402954102,
    1.1077333688735962,
    1.152826189994812,
    1.088283896446228,
    1.0823869705200195,
    1.1018577814102173,
    1.068213701248169,
    1.086966872215271,
    0.9813901782035828,
    1.0388602018356323,
    1.0216788053512573,
    1.0308510065078735,
    0.9773699045181274,
    0.9651132822036743,
    0.9476101398468018,
    0.9848011136054993,
    0.9700407981872559,
    0.9582589864730835,
    0.9822891354560852,
    0.957614004611969
  ],
  "loss": [
    3.5471701622009277,
    3.227538585662842,
    3.2104272842407227,
    3.1509060859680176,
    3.06062650680542,
    3.110971450805664,
    3.037656307220459,
    3.0012006759643555,
    2.9228005409240723,
    2.9368202686309814,
    2.8858859539031982,
    2.863145351409912,
    2.794572353363037,
    2.750786781311035,
    2.7994418144226074,
    2.772176504135132,
    2.725883960723877,
    2.731757640838623,
    2.681295394897461,
    2.6668100357055664
  ],
  "val_age_output_accuracy": [
    0.3214285671710968,
    0.3163265287876129,
    0.26530611515045166,
    0.29591837525367737,
    0.1785714328289032,
    0.3316326439380646,
    0.3265306055545807,
    0.29591837525367737,
    0.29591837525367737,
    0.29591837525367737,
    0.2806122303009033,
    0.30612245202064514,
    0.3265306055545807,
    0.3265306055545807,
    0.3214285671710968,
    0.3214285671710968,
    0.3214285671710968,
    0.3214285671710968,
    0.3214285671710968,
    0.3265306055545807
  ],
  "val_age_output_loss": [
    1.4916940927505493,
    1.4490501880645752,
    1.4387677907943726,
    1.5746122598648071,
    1.6113691329956055,
    1.438223958015442,
    1.5367052555084229,
    1.6068506240844727,
    1.5973094701766968,
    1.4959334135055542,
    1.580098032951355,
    1.53420090675354,
    1.4829498529434204,
    1.4986648559570312,
    1.4502099752426147,
    1.4318606853485107,
    1.4275153875350952,
    1.4237743616104126,
    1.4298256635665894,
    1.435850977897644
  ],
  "val_gender_output_accuracy": [
    0.5,
    0.5,
    0.5,
    0.5,
    0.5,
    0.5510203838348389,
    0.5408163070678711,
    0.5051020383834839,
    0.5204081535339355,
    0.5255101919174194,
    0.5,
    0.5204081535339355,
    0.4948979616165161,
    0.5,
    0.5,
    0.5,
    0.5,
    0.5,
    0.5,
    0.5
  ],
  "val_gender_output_loss": [
    0.7229455709457397,
    0.7484598159790039,
    0.8010759353637695,
    0.7854751944541931,
    0.7189826369285583,
    0.6869220733642578,
    0.6899204254150391,
    0.7080287933349609,
    0.6900634169578552,
    0.6914854645729065,
    0.7060375213623047,
    0.7032661437988281,
    0.740602433681488,
    0.7840213775634766,
    0.84095698595047,
    0.8320490717887878,
    0.8668327331542969,
    0.8910728693008423,
    0.8922503590583801,
    0.8346793055534363
  ],
  "val_loss": [
    2.199083089828491,
    2.1791279315948486,
    2.2126455307006836,
    2.343998670578003,
    2.308114767074585,
    2.1162827014923096,
    2.2209675312042236,
    2.293368101119995,
    2.296205520629883,
    2.1743767261505127,
    2.2799744606018066,
    2.2164456844329834,
    2.1789028644561768,
    2.229517936706543,
    2.2243967056274414,
    2.194398880004883,
    2.2157819271087646,
    2.236652374267578,
    2.2427144050598145,
    2.1848485469818115
  ],
  "learning_rate": [
    9.999999747378752e-05,
    9.999999747378752e-05,
    9.999999747378752e-05,
    9.999999747378752e-05,
    9.999999747378752e-05,
    9.999999747378752e-05,
    9.999999747378752e-05,
    9.999999747378752e-05,
    9.999999747378752e-05,
    9.999999747378752e-05,
    9.999999747378752e-05,
    9.999999747378752e-05,
    9.999999747378752e-05,
    4.999999873689376e-05,
    4.999999873689376e-05,
    4.999999873689376e-05,
    4.999999873689376e-05,
    4.999999873689376e-05,
    4.999999873689376e-05,
    4.999999873689376e-05
  ]
}