{
  "age_output_accuracy": [
    0.22769953310489655,
    0.32334432005882263,
    0.379182904958725,
    0.38802316784858704,
    0.3915692865848541,
    0.40615323185920715,
    0.41539305448532104,
    0.43427228927612305,
    0.4412146508693695,
    0.4556487798690796,
    0.47153130173683167,
    0.4841174781322479,
    0.4983018636703491,
    0.5151832699775696,
    0.5417041182518005,
    0.5606832504272461,
    0.5839077234268188,
    0.607082188129425,
    0.6425431966781616,
    0.6735091209411621,
    0.6976825594902039,
    0.725601851940155,
    0.7567176222801208,
    0.7880831360816956,
    0.8361302614212036,
    0.8633003830909729,
    0.8851763010025024,
    0.9018080234527588,
    0.9149935245513916,
    0.9252322316169739,
    0.9315752387046814,
    0.9375686645507812,
    0.9426630735397339,
    0.9475576877593994
  ],
  "age_output_loss": [
    2.127002477645874,
    1.6802139282226562,
    1.5148546695709229,
    1.4290218353271484,
    1.3895422220230103,
    1.3460005521774292,
    1.3239696025848389,
    1.2804747819900513,
    1.256405234336853,
    1.2252745628356934,
    1.1938375234603882,
    1.1665725708007812,
    1.1373578310012817,
    1.1003828048706055,
    1.0566328763961792,
    1.0276834964752197,
    0.9859201908111572,
    0.938867449760437,
    0.8840878009796143,
    0.8233144879341125,
    0.7690600752830505,
    0.7161895632743835,
    0.6421405076980591,
    0.5825178623199463,
    0.4780895411968231,
    0.41610395908355713,
    0.36110392212867737,
    0.3172585964202881,
    0.28632572293281555,
    0.2636023461818695,
    0.23939502239227295,
    0.22499611973762512,
    0.2047206312417984,
    0.19713379442691803
  ],
  "gender_output_accuracy": [
    0.5328638553619385,
    0.6186694502830505,
    0.6715613007545471,
    0.7046248912811279,
    0.7261512279510498,
    0.7402856945991516,
    0.7560683488845825,
    0.7662071585655212,
    0.7766456604003906,
    0.7872340679168701,
    0.7934272289276123,
    0.8065627813339233,
    0.8223454356193542,
    0.8346319198608398,
    0.8555089235305786,
    0.8733393549919128,
    0.8913195729255676,
    0.9034562110900879,
    0.9206872582435608,
    0.9344720840454102,
    0.9425132274627686,
    0.9481070637702942,
    0.9531015753746033,
    0.9621416330337524,
    0.9704824686050415,
    0.9735291004180908,
    0.9758265614509583,
    0.9752272367477417,
    0.9767255783081055,
    0.9774248600006104,
    0.9788233041763306,
    0.9786734580993652,
    0.9790730476379395,
    0.9797722697257996
  ],
  "gender_output_loss": [
    0.9064521789550781,
    0.7039914727210999,
    0.6298192739486694,
    0.5955767035484314,
    0.5720856785774231,
    0.5486571192741394,
    0.5294456481933594,
    0.5176445245742798,
    0.4968203902244568,
    0.4831313192844391,
    0.4679989516735077,
    0.4484969675540924,
    0.4189990162849426,
    0.3944375216960907,
    0.36641988158226013,
    0.3283231258392334,
    0.29470935463905334,
    0.26308879256248474,
    0.22104999423027039,
    0.19453416764736176,
    0.17277325689792633,
    0.15482856333255768,
    0.13868877291679382,
    0.11872043460607529,
    0.09931758046150208,
    0.08753111958503723,
    0.08854023367166519,
    0.08338140696287155,
    0.07892736792564392,
    0.07713887095451355,
    0.07671259343624115,
    0.07344041019678116,
    0.07050387561321259,
    0.06950221210718155
  ],
  "loss": [
    3.0346508026123047,
    2.3833694458007812,
    2.1450631618499756,
    2.024212598800659,
    1.9609718322753906,
    1.8953768014907837,
    1.853419303894043,
    1.7978410720825195,
    1.7528961896896362,
    1.7090204954147339,
    1.6625899076461792,
    1.6146142482757568,
    1.556549072265625,
    1.494626522064209,
    1.4226317405700684,
    1.3553826808929443,
    1.2804112434387207,
    1.202050805091858,
    1.1047228574752808,
    1.0177816152572632,
    0.9416323900222778,
    0.8707062005996704,
    0.7807437181472778,
    0.7012699246406555,
    0.576665997505188,
    0.5040873289108276,
    0.44884729385375977,
    0.4011637568473816,
    0.36465856432914734,
    0.3396776616573334,
    0.3162088990211487,
    0.298509418964386,
    0.2741375267505646,
    0.26642999053001404
  ],
  "val_age_output_accuracy": [
    0.3863670527935028,
    0.4176779091358185,
    0.4242696762084961,
    0.4200749099254608,
    0.4397003650665283,
    0.4537827670574188,
    0.49677902460098267,
    0.49408239126205444,
    0.4714606702327728,
    0.5102621912956238,
    0.5189512968063354,
    0.5038202404975891,
    0.5023220777511597,
    0.539475679397583,
    0.5298876166343689,
    0.5107116103172302,
    0.5655430555343628,
    0.428464412689209,
    0.5658426880836487,
    0.5617977380752563,
    0.5625467896461487,
    0.5418726801872253,
    0.5635955333709717,
    0.5629962682723999,
    0.5700374245643616,
    0.5716853737831116,
    0.5634456872940063,
    0.5586516857147217,
    0.5582022666931152,
    0.5674906373023987,
    0.5561048984527588,
    0.5713857412338257,
    0.5694382190704346,
    0.5697378516197205
  ],
  "val_age_output_loss": [
    1.3823840618133545,
    1.2351505756378174,
    1.203784704208374,
    1.1862074136734009,
    1.1546326875686646,
    1.1438770294189453,
    1.1188023090362549,
    1.1163409948349,
    1.1493828296661377,
    1.0802662372589111,
    1.0654137134552002,
    1.0803673267364502,
    1.1203378438949585,
    1.0323294401168823,
    1.062363624572754,
    1.1567304134368896,
    1.0541846752166748,
    1.6642988920211792,
    1.1131081581115723,
    1.196907877922058,
    1.1929380893707275,
    1.48516845703125,
    1.3674474954605103,
    1.4382151365280151,
    1.4978150129318237,
    1.580820918083191,
    1.6462749242782593,
    1.8811514377593994,
    1.920989990234375,
    1.9300950765609741,
    2.0399346351623535,
    1.9946298599243164,
    2.0362493991851807,
    2.0909276008605957
  ],
  "val_gender_output_accuracy": [
    0.6678651571273804,
    0.724044919013977,
    0.7447190880775452,
    0.7252434492111206,
    0.7351310849189758,
    0.7444194555282593,
    0.7707865238189697,
    0.7781273126602173,
    0.7812734246253967,
    0.7595505714416504,
    0.7920598983764648,
    0.7755805253982544,
    0.7517603039741516,
    0.7910112142562866,
    0.7815730571746826,
    0.7730336785316467,
    0.7617977261543274,
    0.6774531602859497,
    0.7602996230125427,
    0.7611985206604004,
    0.7589513063430786,
    0.7436704039573669,
    0.7824718952178955,
    0.777378261089325,
    0.7788764238357544,
    0.7820224761962891,
    0.7853183746337891,
    0.780674159526825,
    0.7803745269775391,
    0.7779775261878967,
    0.7647939920425415,
    0.7817228436470032,
    0.7847191095352173,
    0.7788764238357544
  ],
  "val_gender_output_loss": [
    0.6286783218383789,
    0.5627496242523193,
    0.5474177002906799,
    0.5567055344581604,
    0.5283553600311279,
    0.52336186170578,
    0.49080997705459595,
    0.4756596088409424,
    0.4773324131965637,
    0.5177987217903137,
    0.45461082458496094,
    0.4970625340938568,
    0.5457043051719666,
    0.4621768593788147,
    0.48087212443351746,
    0.518570065498352,
    0.5307334065437317,
    0.814132809638977,
    0.6648272275924683,
    0.6795529127120972,
    0.6804167032241821,
    0.8638544678688049,
    0.7189984321594238,
    0.7584723234176636,
    0.8018183708190918,
    0.8298921585083008,
    0.8082867860794067,
    0.8306219577789307,
    0.8632503151893616,
    0.8951776027679443,
    0.956326961517334,
    0.8601250052452087,
    0.8959110379219055,
    0.9002484679222107
  ],